{
    "name": "root",
    "gauges": {
        "MazeSolver.Policy.Entropy.mean": {
            "value": 3.3355250358581543,
            "min": 3.3355250358581543,
            "max": 3.384727716445923,
            "count": 3
        },
        "MazeSolver.Environment.EpisodeLength.mean": {
            "value": 4.137547105173004,
            "min": 4.137547105173004,
            "max": 4.156475503228257,
            "count": 3
        },
        "MazeSolver.Policy.ExtrinsicValueEstimate.mean": {
            "value": -1.3562638759613037,
            "min": -1.3992031812667847,
            "max": -1.3562638759613037,
            "count": 3
        },
        "MazeSolver.Policy.CuriosityValueEstimate.mean": {
            "value": -4.025217533111572,
            "min": -4.228517055511475,
            "max": -4.025217533111572,
            "count": 3
        },
        "MazeSolver.Environment.CumulativeReward.mean": {
            "value": -1.0,
            "min": -1.0,
            "max": -1.0,
            "count": 3
        },
        "MazeSolver.Policy.ExtrinsicReward.mean": {
            "value": -1.0,
            "min": -1.0,
            "max": -1.0,
            "count": 3
        },
        "MazeSolver.Policy.CuriosityReward.mean": {
            "value": 0.03312785657677633,
            "min": 0.03269488543787218,
            "max": 0.03312785657677633,
            "count": 3
        },
        "MazeSolver.Losses.ValueLoss.mean": {
            "value": 0.07170724868774414,
            "min": 0.07170724868774414,
            "max": 0.1492084264755249,
            "count": 3
        },
        "MazeSolver.Losses.PolicyLoss.mean": {
            "value": 1.4861937761306763,
            "min": 1.0569486618041992,
            "max": 1.4861937761306763,
            "count": 3
        },
        "MazeSolver.Policy.LearningRate.mean": {
            "value": 0.00018749853188637644,
            "min": 0.00018749853188637644,
            "max": 0.00019267754396423697,
            "count": 3
        },
        "MazeSolver.Policy.Epsilon.mean": {
            "value": 0.16249950230121613,
            "min": 0.16249950230121613,
            "max": 0.16422581672668457,
            "count": 3
        },
        "MazeSolver.Policy.Beta.mean": {
            "value": 0.00625369930639863,
            "min": 0.00625369930639863,
            "max": 0.0064261602237820625,
            "count": 3
        },
        "MazeSolver.Losses.CuriosityForwardLoss.mean": {
            "value": 0.012308540754020214,
            "min": 0.011564813554286957,
            "max": 0.012308540754020214,
            "count": 3
        },
        "MazeSolver.Losses.CuriosityInverseLoss.mean": {
            "value": 0.02871451899409294,
            "min": 0.02871451899409294,
            "max": 0.032035596668720245,
            "count": 3
        },
        "MazeSolver.IsTraining.mean": {
            "value": 1.0,
            "min": 1.0,
            "max": 1.0,
            "count": 3
        }
    },
    "metadata": {
        "timer_format_version": "0.1.0",
        "start_time_seconds": "1601298800",
        "python_version": "3.6.10 |Anaconda, Inc.| (default, May  7 2020, 19:46:08) [MSC v.1916 64 bit (AMD64)]",
        "command_line_arguments": "C:\\Users\\Panash\\AppData\\Local\\conda\\conda\\envs\\ml-agents\\Scripts\\mlagents-learn config/MazeSolver_config.yaml --run-id=MazeSolver --resume",
        "mlagents_version": "0.19.0",
        "mlagents_envs_version": "0.19.0",
        "communication_protocol_version": "1.0.0",
        "tensorflow_version": "1.7.1",
        "numpy_version": "1.19.1",
        "end_time_seconds": "1601303670"
    },
    "total": 4869.1475444,
    "count": 1,
    "self": 0.015038500000628119,
    "children": {
        "run_training.setup": {
            "total": 0.0148616,
            "count": 1,
            "self": 0.0148616
        },
        "TrainerController.start_learning": {
            "total": 4869.1176442999995,
            "count": 1,
            "self": 7.593324600002234,
            "children": {
                "TrainerController._reset_env": {
                    "total": 41.3074517,
                    "count": 1,
                    "self": 41.3074517
                },
                "TrainerController.advance": {
                    "total": 4815.068026399997,
                    "count": 87648,
                    "self": 3.813290400000369,
                    "children": {
                        "env_step": {
                            "total": 4811.254735999996,
                            "count": 87648,
                            "self": 4588.836480399982,
                            "children": {
                                "SubprocessEnvManager._take_step": {
                                    "total": 218.04396380003575,
                                    "count": 87648,
                                    "self": 7.173337700003486,
                                    "children": {
                                        "TFPolicy.evaluate": {
                                            "total": 210.87062610003227,
                                            "count": 74524,
                                            "self": 210.87062610003227
                                        }
                                    }
                                },
                                "workers": {
                                    "total": 4.374291799978366,
                                    "count": 87647,
                                    "self": 0.0,
                                    "children": {
                                        "worker_root": {
                                            "total": 4824.68486759998,
                                            "count": 87647,
                                            "is_parallel": true,
                                            "self": 480.8882739000546,
                                            "children": {
                                                "steps_from_proto": {
                                                    "total": 0.00045910000000000005,
                                                    "count": 1,
                                                    "is_parallel": true,
                                                    "self": 0.00012890000000000004,
                                                    "children": {
                                                        "_process_vector_observation": {
                                                            "total": 0.0003302,
                                                            "count": 6,
                                                            "is_parallel": true,
                                                            "self": 0.0003302
                                                        }
                                                    }
                                                },
                                                "UnityEnvironment.step": {
                                                    "total": 4343.796134599926,
                                                    "count": 87647,
                                                    "is_parallel": true,
                                                    "self": 20.860594799608407,
                                                    "children": {
                                                        "UnityEnvironment._generate_step_input": {
                                                            "total": 12.019759400093536,
                                                            "count": 87647,
                                                            "is_parallel": true,
                                                            "self": 12.019759400093536
                                                        },